{
    "authors": "Google, Inc.",
    "cocoapods_version": ">= 1.10.0",
    "default_subspecs": "AdIdSupport",
    "dependencies": {
        "FirebaseCore": "~> 8.0",
        "FirebaseInstallations": "~> 8.0",
        "GoogleUtilities/AppDelegateSwizzler": "~> 7.4",
        "GoogleUtilities/MethodSwizzler": "~> 7.4",
        "GoogleUtilities/NSData+zlib": "~> 7.4",
        "GoogleUtilities/Network": "~> 7.4",
        "nanopb": "~> 2.30908.0"
    },
    "description": "Firebase Analytics is a free, out-of-the-box analytics solution that inspires actionable insights based on app usage and user engagement.",
    "frameworks": [
        "StoreKit"
    ],
    "homepage": "https://firebase.google.com/features/analytics/",
    "libraries": [
        "c++",
        "sqlite3",
        "z"
    ],
    "license": {
        "text": "Copyright 2021 Google",
        "type": "Copyright"
    },
    "name": "FirebaseAnalytics",
    "platforms": {
        "ios": "9.0"
    },
    "source": {
        "http": "https://dl.google.com/firebase/ios/analytics/ab3ba06f19ca4022/FirebaseAnalytics-8.7.0.tar.gz"
    },
    "subspecs": [
        {
            "name": "AdIdSupport",
            "dependencies": {
                "GoogleAppMeasurement": "8.7.0"
            },
            "vendored_frameworks": [
                "Frameworks/FirebaseAnalytics.xcframework"
            ]
        },
        {
            "name": "WithoutAdIdSupport",
            "dependencies": {
                "GoogleAppMeasurement/WithoutAdIdSupport": "8.7.0"
            },
            "vendored_frameworks": [
                "Frameworks/FirebaseAnalytics.xcframework"
            ]
        }
    ],
    "summary": "Firebase Analytics for iOS",
    "version": "8.7.0"
}
